Record ID,Bill To Title,Border Color,Bottom Margin,Company City,Company Country,Company Email,Company Fax,Company Name,Company Phone,Company Postal Code,Company Slogan,Company State,Company Street,Created By ID,Created Date,Currency ISO Code,Customer Discount Field,Customer Discount Label,Default,Deleted,Deployment Status,Exclude Page Numbers,Font Family,Font Size,Footer Content,Footer Height,Generator Name,Grand Total Prefix,Group Field,Group Gap (px),Group Shading Color,Group Text Color,Header Height,Hide Component Products,Hide Group Subtotals,Hide Totals,Introduction Title,Last Modified By ID,Last Modified Date,Last Referenced Date,Last Viewed Date,Left Margin,Line Numbering,Line Sort Field,Logo Document Id,Notes Title,Number Terms,Owner ID,Page Height,Page Number Alignment,Page Number Position,Page Number Text,Page Orientation,Page Width,Partner Discount Label,Right Margin,Roll-Up Field,Shading Color,Ship To Title,Show All Package Product,Show Bundled Products,Show Customer Discount,Show Discount Schedule,Show Partner Discount,Show Renewed Products,Sub Group Field,Subtotal Field,Subtotal Label,System Modstamp,Template Name,Term Body Indent (px),Terms & Conditions,Terms & Conditions Title,Text Color,Top Margin,Total Field,Total Label,Watermark ID
"a1b20000001G9gMAAS","Bill To","000000","0.5","Copenhagen","Denmark","","","Unity Technologies ApS","+45 30264692","1152","","","Løvstræde 5","00520000002CI2kAAG","07/23/2016T21:11:17.000Z","USD","","DISCOUNT","true","false","Deployed","","Arial","9.0","","15.0","","","SBQQ__ProductName__c","10.0","3399ff","","","false","true","true","","0050J000006WjRgQAK","02/25/2017T08:09:08.000Z","03/03/2017T10:15:34.000Z","03/03/2017T10:15:34.000Z","0.5","Start at quote","","0150J0000047lwZ","","false","00520000002CI2kAAG","11.0","","Footer","Page {0} of {1}","Portrait","8.5","PARTNER DISCOUNT","0.5","Product","ffcc66","Ship To","false","true","false","","false","true","","","","03/04/2017T02:36:46.000Z","English","10.0","","Terms & Conditions","000000","0.3","List Total","Sub Total","01520000001F6oN"
"a1b20000001GU5BAAW","Bill To","000000","0.5","Copenhagen","Denmark","","","Unity Technologies ApS","+45 30264692","1152","","","Løvstræde 5","00520000002CI2kAAG","09/02/2016T18:50:37.000Z","USD","","DISCOUNT","false","false","Deployed","","Arial","9.0","","15.0","","","SBQQ__ProductName__c","10.0","3399ff","","","false","true","true","","0050J000006WjRgQAK","01/26/2017T09:12:37.000Z","03/06/2017T08:46:58.000Z","03/06/2017T08:46:58.000Z","0.5","Start at quote","","0150J0000047lwZ","","false","00520000002CI2kAAG","11.0","","Footer","Page {0} of {1}","Portrait","8.5","PARTNER DISCOUNT","0.5","Product","ffcc66","Ship To","false","true","false","","false","true","","","","03/04/2017T02:36:46.000Z","Japanese-BB","10.0","","Terms & Conditions","000000","0.3","List Total","Sub Total","01520000001F6oN"
"a1b20000001GU5LAAW","Bill To","000000","0.5","Copenhagen","Denmark","","","Unity Technologies ApS","+45 30264692","1152","","","Løvstræde 5","00520000002CI2kAAG","09/02/2016T18:51:47.000Z","USD","","DISCOUNT","false","false","Deployed","","Arial","9.0","","15.0","","","SBQQ__ProductName__c","10.0","3399ff","","","false","true","true","","0050J000006WjRgQAK","01/26/2017T09:12:51.000Z","03/06/2017T08:44:50.000Z","03/06/2017T08:44:50.000Z","0.5","Start at quote","","0150J0000047lwZ","","false","00520000002CI2kAAG","11.0","","Footer","Page {0} of {1}","Portrait","8.5","PARTNER DISCOUNT","0.5","Product","ffcc66","Ship To","false","true","false","","false","true","","","","03/04/2017T02:36:46.000Z","Korean","10.0","","Terms & Conditions","000000","0.3","List Total","Sub Total","01520000001F6oN"
"a1b0J000001XwiIQAS","Bill To","000000","0.5","Copenhagen","Denmark","","","Unity Technologies ApS","+45 30264692","1363","","","Vendersgade 28, I","0050J000006WjRgQAK","12/01/2016T08:16:51.000Z","USD","","DISCOUNT","false","false","In Development","","Arial","9.0","","15.0","","","SBQQ__ProductName__c","10.0","3399ff","","","false","true","true","","0050J000006WjRgQAK","12/01/2016T08:17:49.000Z","03/02/2017T13:58:58.000Z","03/02/2017T13:58:58.000Z","0.5","Start at quote","","0150J0000047lwZ","","false","00520000002CI2kAAG","11.0","","Footer","Page {0} of {1}","Portrait","8.5","PARTNER DISCOUNT","0.5","Product","ffcc66","Ship To","false","true","false","","false","true","","","","03/03/2017T02:34:22.000Z","English Test","10.0","","Terms & Conditions","000000","0.3","List Total","Sub Total","01520000001F6oN"
"a1b20000001G9gCAAS","Bill To","000000","0.5","Copenhagen","Denmark","","","Unity Technologies ApS","+45 30264692","1152","","","Løvstræde 5","00520000002CI2kAAG","07/22/2016T22:17:26.000Z","USD","","DISCOUNT","false","false","Deployed","","Arial","9.0","","15.0","","","SBQQ__ProductName__c","10.0","3399ff","","","false","true","true","","0050J000006WjRgQAK","01/26/2017T09:12:22.000Z","03/06/2017T12:42:05.000Z","03/06/2017T12:42:05.000Z","0.5","Start at quote","","0150J0000047lwZ","","false","00520000002CI2kAAG","11.0","","Footer","Page {0} of {1}","Portrait","8.5","PARTNER DISCOUNT","0.5","Product","ffcc66","Ship To","false","true","false","","false","true","","","","03/04/2017T02:36:46.000Z","English-BB","10.0","","Terms & Conditions","000000","0.3","List Total","Sub Total","01520000001F6oN"
"a1b20000001GU4wAAG","Bill To","000000","0.5","Copenhagen","Denmark","","","Unity Technologies ApS","+45 30264692","1152","","","Løvstræde 5","00520000002CI2kAAG","09/02/2016T18:47:28.000Z","USD","","DISCOUNT","false","false","Deployed","","Arial","9.0","","15.0","","","SBQQ__ProductName__c","10.0","3399ff","","","false","true","true","","0050J000006WjRgQAK","01/26/2017T09:12:55.000Z","03/06/2017T08:45:34.000Z","03/06/2017T08:45:34.000Z","0.5","Start at quote","","0150J0000047lwZ","","false","00520000002CI2kAAG","11.0","","Footer","Page {0} of {1}","Portrait","8.5","PARTNER DISCOUNT","0.5","Product","ffcc66","Ship To","false","true","false","","false","true","","","","03/04/2017T02:36:46.000Z","Chinese-BB","10.0","","Terms & Conditions","000000","0.3","List Total","Sub Total","01520000001F6oN"
"a1b20000001GU51AAG","Bill To","000000","0.5","Copenhagen","Denmark","","","Unity Technologies ApS","+45 30264692","1363","","","Vendersgade 28, I","00520000002CI2kAAG","09/02/2016T18:49:09.000Z","USD","","DISCOUNT","false","false","Deployed","","Arial","9.0","","15.0","","","SBQQ__ProductName__c","10.0","3399ff","","","false","true","true","","00520000002CI2kAAG","11/27/2016T20:59:32.000Z","03/03/2017T10:15:12.000Z","03/03/2017T10:15:12.000Z","0.5","Start at quote","","0150J0000047lwZ","","false","00520000002CI2kAAG","11.0","","Footer","Page {0} of {1}","Portrait","8.5","PARTNER DISCOUNT","0.5","Product","ffcc66","Ship To","false","true","false","","false","true","","","","03/04/2017T02:36:46.000Z","Chinese","10.0","","Terms & Conditions","000000","0.3","List Total","Sub Total","01520000001F6oN"
"a1b20000001GU5GAAW","Bill To","000000","0.5","Copenhagen","Denmark","","","Unity Technologies ApS","+45 30264692","1152","","","Løvstræde 5","00520000002CI2kAAG","09/02/2016T18:51:02.000Z","USD","","DISCOUNT","false","false","Deployed","","Arial","9.0","","15.0","","","SBQQ__ProductName__c","10.0","3399ff","","","false","true","true","","0050J000006WjRgQAK","01/26/2017T09:12:46.000Z","03/06/2017T08:46:07.000Z","03/06/2017T08:46:07.000Z","0.5","Start at quote","","0150J0000047lwZ","","false","00520000002CI2kAAG","11.0","","Footer","Page {0} of {1}","Portrait","8.5","PARTNER DISCOUNT","0.5","Product","ffcc66","Ship To","false","true","false","","false","true","","","","03/04/2017T02:36:46.000Z","Korean-BB","10.0","","Terms & Conditions","000000","0.3","List Total","Sub Total","01520000001F6oN"
"a1b20000001GU56AAG","Bill To","000000","0.5","Copenhagen","Denmark","","","Unity Technologies ApS","+45 30264692","1152","","","Løvstræde 5","00520000002CI2kAAG","09/02/2016T18:49:47.000Z","USD","","DISCOUNT","false","false","Deployed","","Arial","9.0","","15.0","","","SBQQ__ProductName__c","10.0","3399ff","","","false","true","true","","0050J000006WjRgQAK","01/26/2017T09:12:41.000Z","03/06/2017T08:46:03.000Z","03/06/2017T08:46:03.000Z","0.5","Start at quote","","0150J0000047lwZ","","false","00520000002CI2kAAG","11.0","","Footer","Page {0} of {1}","Portrait","8.5","PARTNER DISCOUNT","0.5","Product","ffcc66","Ship To","false","true","false","","false","true","","","","03/04/2017T02:36:46.000Z","Japanese","10.0","","Terms & Conditions","000000","0.3","List Total","Sub Total","01520000001F6oN"
